Count,Time
1,0
2,0
3,0
4,0
5,0
6,0
7,0
8,0
9,0
10,0
11,0
12,0
13,0
14,0
15,0
16,0
17,0
18,0
19,0
20,0
21,0
22,0
23,0
24,0
25,0
26,0
27,0
28,0
29,0
30,0
31,0
32,0
33,0
34,0
35,0
36,0
37,0
38,0
39,0
40,0
41,0
42,0
43,0
44,0
45,0
46,0
47,0
48,0
49,0
50,0
51,0
52,0
53,0
54,0
55,0
56,0
57,0
58,0
59,0
60,0
61,0
62,0
63,0
64,0
65,0
66,0
67,0
68,0
69,0
70,0
71,0
72,0
73,0
74,0
75,0
76,0
77,0
78,0
79,0
80,0
81,0
82,0
83,0
84,0
85,0
86,0
87,0
88,0
89,0
90,0
91,0
92,0
93,0
94,0
95,0
96,0
97,0
98,0
99,0
100,0
101,0
102,0
103,0
104,0
105,0
106,0
107,0
108,0
109,0
110,0
111,0
112,0
113,0
114,0
115,0
116,0
117,0
118,0
119,0
120,0
121,0
122,0
123,0
124,0
125,0
126,0
127,0
128,0
129,0
130,0
131,0
132,0
133,0
134,0
135,0
136,0
137,0
138,0
139,0
140,0
141,0
142,0.015
143,0
144,0
145,0
146,0
147,0
148,0
149,0
150,0
151,0
152,0
153,0
154,0
155,0
156,0
157,0
158,0
159,0
160,0
161,0
162,0
163,0
164,0
165,0
166,0
167,0
168,0
169,0
170,0.016
171,0
172,0
173,0
174,0
175,0
176,0
177,0
178,0
179,0
180,0
181,0
182,0
183,0
184,0
185,0
186,0
187,0
188,0
189,0.015
190,0
191,0
192,0
193,0
194,0
195,0
196,0
197,0
198,0
199,0
200,0.016
201,0
202,0
203,0
204,0
205,0
206,0
207,0
208,0
209,0
210,0
211,0
212,0
213,0
214,0
215,0
216,0.016
217,0
218,0
219,0
220,0
221,0
222,0
223,0
224,0
225,0
226,0
227,0
228,0
229,0
230,0
231,0
232,0
233,0
234,0
235,0.015
236,0
237,0
238,0
239,0
240,0
241,0
242,0
243,0
244,0
245,0
246,0
247,0
248,0
249,0
250,0
251,0.016
252,0.016
253,0
254,0
255,0
256,0
257,0
258,0
259,0
260,0
261,0
262,0.015
263,0
264,0
265,0.016
266,0
267,0
268,0
269,0
270,0
271,0.015
272,0
273,0
274,0.016
275,0
276,0
277,0
278,0
279,0
280,0
281,0
282,0
283,0
284,0.016
285,0
286,0
287,0
288,0.015
289,0.016
290,0
291,0
292,0
293,0
294,0
295,0
296,0
297,0.016
298,0
299,0
300,0
301,0
302,0
303,0
304,0
305,0
306,0
307,0
308,0
309,0
310,0
311,0
312,0.015
313,0
314,0
315,0
316,0
317,0
318,0
319,0
320,0.016
321,0
322,0
323,0
324,0
325,0.015
326,0
327,0
328,0
329,0
330,0
331,0
332,0
333,0
334,0
335,0
336,0
337,0.016
338,0
339,0
340,0
341,0.016
342,0
343,0.015
344,0
345,0
346,0.016
347,0
348,0
349,0
350,0.016
351,0
352,0
353,0
354,0
355,0
356,0.031
357,0
358,0
359,0
360,0.015
361,0.015
362,0
363,0
364,0.016
365,0
366,0.016
367,0
368,0
369,0
370,0.015
371,0.016
372,0
373,0
374,0
375,0
376,0
377,0.016
378,0
379,0
380,0
381,0.015
382,0
383,0
384,0
385,0.016
386,0
387,0
388,0
389,0
390,0
391,0.015
392,0
393,0
394,0
395,0
396,0
397,0.016
398,0
399,0.016
400,0
401,0.015
402,0
403,0
404,0.016
405,0
406,0
407,0
408,0
409,0
410,0.016
411,0.015
412,0.016
413,0
414,0
415,0.015
416,0
417,0
418,0.016
419,0
420,0
421,0.016
422,0
423,0.015
424,0
425,0
426,0.016
427,0
428,0.016
429,0
430,0
431,0
432,0.015
433,0
434,0
435,0.016
436,0
437,0.015
438,0
439,0.016
440,0
441,0
442,0
443,0.016
444,0
445,0
446,0
447,0
448,0.015
449,0
450,0
451,0.032
452,0
453,0
454,0
455,0
456,0
457,0.015
458,0
459,0
460,0
461,0
462,0.016
463,0
464,0.015
465,0
466,0
467,0
468,0.016
469,0
470,0.016
471,0.015
472,0
473,0.016
474,0
475,0
476,0
477,0.016
478,0.015
479,0.016
480,0
481,0
482,0
483,0
484,0
485,0.015
486,0
487,0
488,0.016
489,0
490,0
491,0
492,0.016
493,0
494,0
495,0
496,0
497,0.015
498,0
499,0
500,0.016
501,0.016
502,0
503,0
504,0.016
505,0.015
506,0
507,0.016
508,0.015
509,0
510,0.016
511,0
512,0.016
513,0.031
514,0
515,0.016
516,0.015
517,0
518,0
519,0
520,0.016
521,0.015
522,0.016
523,0
524,0.016
525,0.015
526,0
527,0
528,0
529,0.016
530,0
531,0.016
532,0
533,0
534,0.015
535,0
536,0.016
537,0
538,0
539,0
540,0
541,0.015
542,0.016
543,0.016
544,0.015
545,0
546,0
547,0
548,0.016
549,0
550,0.016
551,0.015
552,0
553,0
554,0.031
555,0.016
556,0.016
557,0
558,0
559,0.015
560,0.016
561,0
562,0
563,0.016
564,0
565,0
566,0.031
567,0
568,0.015
569,0
570,0.016
571,0
572,0
573,0.016
574,0
575,0
576,0.015
577,0
578,0.016
579,0.016
580,0
581,0.015
582,0
583,0.016
584,0.015
585,0.016
586,0
587,0
588,0
589,0
590,0
591,0
592,0.016
593,0.015
594,0.016
595,0.016
596,0
597,0.015
598,0
599,0
600,0.016
601,0
602,0
603,0.015
604,0
605,0
606,0
607,0
608,0.016
609,0.016
610,0
611,0
612,0
613,0.015
614,0
615,0.016
616,0.031
617,0.016
618,0.015
619,0.016
620,0
621,0.016
622,0
623,0.015
624,0.016
625,0.016
626,0
627,0.015
628,0.031
629,0
630,0.016
631,0.016
632,0.015
633,0
634,0.016
635,0.016
636,0.015
637,0.015
638,0
639,0.016
640,0
641,0.015
642,0
643,0
644,0.016
645,0.016
646,0
647,0.015
648,0.016
649,0
650,0
651,0
652,0.016
653,0.015
654,0.016
655,0.031
656,0.016
657,0.015
658,0.016
659,0.031
660,0.016
661,0
662,0.015
663,0.016
664,0.016
665,0.015
666,0.016
667,0.016
668,0
669,0
670,0.015
671,0
672,0.016
673,0.015
674,0.016
675,0.016
676,0.016
677,0.031
678,0
679,0.016
680,0.015
681,0.016
682,0.015
683,0.016
684,0.016
685,0.015
686,0.016
687,0.031
688,0
689,0.016
690,0
691,0.015
692,0.032
693,0.015
694,0.032
695,0.015
696,0.016
697,0.015
698,0.016
699,0
700,0.016
701,0.031
702,0.016
703,0.015
704,0.016
705,0.031
706,0
707,0.031
708,0.016
709,0.016
710,0.015
711,0.016
712,0.016
713,0.015
714,0.016
715,0.031
716,0.016
717,0.016
718,0
719,0.015
720,0.031
721,0.016
722,0
723,0.016
724,0.015
725,0
726,0.032
727,0.015
728,0.016
729,0
730,0.031
731,0
732,0
733,0.016
734,0.031
735,0.031
736,0.031
737,0.016
738,0.016
739,0.015
740,0
741,0.016
742,0
743,0.016
744,0
745,0.015
746,0.016
747,0.031
748,0.016
749,0.015
750,0.016
751,0.016
752,0.015
753,0.031
754,0.016
755,0
756,0.016
757,0.015
758,0.015
759,0.016
760,0.016
761,0.015
762,0.031
763,0.016
764,0.016
765,0.015
766,0.016
767,0.016
768,0
769,0
770,0.015
771,0.031
772,0.016
773,0.016
774,0.015
775,0.016
776,0.032
777,0
778,0.031
779,0
780,0
781,0.015
782,0.047
783,0
784,0.016
785,0
786,0.016
787,0.015
788,0.032
789,0
790,0
791,0.015
792,0.032
793,0.015
794,0
795,0
796,0.016
797,0.047
798,0.015
799,0.016
800,0.016
801,0.015
802,0.032
803,0.015
804,0.031
805,0.032
806,0.015
807,0.016
808,0
809,0.016
810,0.031
811,0.015
812,0.016
813,0.016
814,0.031
815,0.016
816,0.015
817,0.016
818,0.015
819,0.032
820,0
821,0.031
822,0.031
823,0.016
824,0
825,0.031
826,0.016
827,0
828,0.031
829,0.031
830,0
831,0.016
832,0.015
833,0.047
834,0.016
835,0.016
836,0.015
837,0.016
838,0
839,0.031
840,0.046
841,0.016
842,0.031
843,0.016
844,0.015
845,0.016
846,0.016
847,0.047
848,0.015
849,0.016
850,0.015
851,0
852,0
853,0.016
854,0
855,0.016
856,0.031
857,0.016
858,0.046
859,0.032
860,0.031
861,0
862,0.031
863,0.016
864,0.015
865,0.016
866,0.016
867,0.031
868,0.016
869,0.031
870,0.031
871,0.016
872,0.015
873,0.016
874,0.031
875,0.032
876,0.031
877,0.047
878,0.016
879,0.031
880,0.031
881,0
882,0.016
883,0.015
884,0.015
885,0.032
886,0.016
887,0.031
888,0.047
889,0.031
890,0.031
891,0.031
892,0.016
893,0.016
894,0.015
895,0.032
896,0.015
897,0.047
898,0.031
899,0.032
900,0.015
901,0.016
902,0.015
903,0.016
904,0.016
905,0.031
906,0.016
907,0.031
908,0.031
909,0.047
910,0.016
911,0.062
912,0.032
913,0.015
914,0.016
915,0.047
916,0.015
917,0.032
918,0.031
919,0.031
920,0.031
921,0
922,0
923,0.032
924,0.047
925,0.031
926,0.015
927,0.062
928,0.016
929,0.031
930,0
931,0.047
932,0.016
933,0.015
934,0.016
935,0.016
936,0.046
937,0.016
938,0.031
939,0.016
940,0.031
941,0.016
942,0.015
943,0
944,0.032
945,0.031
946,0.047
947,0.031
948,0.016
949,0.031
950,0
951,0.047
952,0.015
953,0.016
954,0.031
955,0.032
956,0.015
957,0.016
958,0.047
959,0.031
960,0.031
961,0.031
962,0.032
963,0.031
964,0.031
965,0.031
966,0.047
967,0.032
968,0
969,0.015
970,0.016
971,0.031
972,0.031
973,0.047
974,0.047
975,0.047
976,0.031
977,0.016
978,0.031
979,0.016
980,0.031
981,0.016
982,0.015
983,0.016
984,0.047
985,0.031
986,0.031
987,0.047
988,0.047
989,0.031
990,0.047
991,0.016
992,0.031
993,0.047
994,0.031
995,0.016
996,0.015
997,0.032
998,0
999,0.062
1000,0.016
1001,0.015
1002,0.032
1003,0.031
1004,0.031
1005,0.031
1006,0.016
1007,0.031
1008,0.031
1009,0.047
1010,0.032
1011,0.015
1012,0.047
1013,0.031
1014,0.032
1015,0.031
1016,0
1017,0.031
1018,0.016
1019,0.015
1020,0.032
1021,0.046
1022,0.016
1023,0
1024,0
1025,0
1026,0
1027,0.032
1028,0.031
1029,0
1030,0.047
1031,0.031
1032,0.031
1033,0.047
1034,0
1035,0.031
1036,0
1037,0.032
1038,0.031
1039,0.047
1040,0.047
1041,0.016
1042,0.031
1043,0.031
1044,0.031
1045,0.016
1046,0.016
1047,0
1048,0
1049,0.015
1050,0.047
1051,0.031
1052,0.032
1053,0.062
1054,0.016
1055,0.047
1056,0.031
1057,0.031
1058,0.016
1059,0.047
1060,0.031
1061,0.062
1062,0.047
1063,0.047
1064,0
1065,0
1066,0
1067,0.016
1068,0
1069,0.031
1070,0.016
1071,0
1072,0.015
1073,0.016
1074,0.031
1075,0.046
1076,0.032
1077,0
1078,0.015
1079,0.032
1080,0.015
1081,0.047
1082,0.031
1083,0.047
1084,0.047
1085,0.016
1086,0.015
1087,0.063
1088,0.015
1089,0.047
1090,0.047
1091,0.031
1092,0.032
1093,0.015
1094,0.016
1095,0.016
1096,0.031
1097,0.015
1098,0.032
1099,0.047
1100,0.015
1101,0.047
1102,0.031
1103,0.032
1104,0.031
1105,0.031
1106,0.031
1107,0.016
1108,0.047
1109,0.047
1110,0.031
1111,0.047
1112,0.031
1113,0.032
1114,0.047
1115,0.031
1116,0.031
1117,0.063
1118,0.031
1119,0.047
1120,0.031
1121,0.031
1122,0.047
1123,0.016
1124,0.031
1125,0.031
1126,0.047
1127,0.047
1128,0.047
1129,0.031
1130,0.031
1131,0.032
1132,0.046
1133,0.032
1134,0.015
1135,0
1136,0.047
1137,0.016
1138,0.047
1139,0
1140,0.047
1141,0.031
1142,0.047
1143,0.031
1144,0.031
1145,0.031
1146,0.047
1147,0.032
1148,0.031
1149,0.031
1150,0.016
1151,0.046
1152,0.016
1153,0.046
1154,0.032
1155,0.031
1156,0.047
1157,0.047
1158,0.015
1159,0
1160,0.047
1161,0.047
1162,0.016
1163,0.031
1164,0.031
1165,0.031
1166,0.047
1167,0.031
1168,0.047
1169,0.016
1170,0.031
1171,0.031
1172,0.016
1173,0.031
1174,0.031
1175,0.063
1176,0.047
1177,0.015
1178,0.047
1179,0.031
1180,0.047
1181,0.032
1182,0.015
1183,0.063
1184,0.047
1185,0.031
1186,0.047
1187,0.031
1188,0.047
1189,0.047
1190,0.015
1191,0.063
1192,0.047
1193,0.031
1194,0
1195,0.078
1196,0.031
1197,0.063
1198,0.062
1199,0.047
1200,0.078
1201,0.047
1202,0.047
1203,0.063
1204,0.047
1205,0.062
1206,0.047
1207,0.047
1208,0.047
1209,0.047
1210,0.015
1211,0.032
1212,0.078
1213,0.015
1214,0.016
1215,0.063
1216,0.031
1217,0.015
1218,0.047
1219,0.063
1220,0.047
1221,0.047
1222,0.046
1223,0.016
1224,0.047
1225,0.031
1226,0.047
1227,0.016
1228,0.062
1229,0.031
1230,0.063
1231,0.047
1232,0.047
1233,0.062
1234,0.078
1235,0.016
1236,0.047
1237,0.031
1238,0.015
1239,0.047
1240,0.047
1241,0.047
1242,0.047
1243,0.016
1244,0.031
1245,0.047
1246,0.015
1247,0.047
1248,0.063
1249,0.047
1250,0.078
1251,0.031
1252,0.047
1253,0.031
1254,0.016
1255,0.062
1256,0.016
1257,0.047
1258,0.047
1259,0.031
1260,0.047
1261,0.047
1262,0.031
1263,0.031
1264,0.031
1265,0.032
1266,0.078
1267,0.031
1268,0.031
1269,0.031
1270,0.063
1271,0.031
1272,0.063
1273,0.031
1274,0.062
1275,0.016
1276,0.031
1277,0.032
1278,0.062
1279,0.063
1280,0.046
1281,0.063
1282,0.016
1283,0.046
1284,0.032
1285,0.063
1286,0.046
1287,0.063
1288,0.047
1289,0.047
1290,0.063
1291,0.046
1292,0.032
1293,0.047
1294,0.046
1295,0.047
1296,0.047
1297,0.062
1298,0.063
1299,0.046
1300,0.063
1301,0.047
1302,0.047
1303,0.047
1304,0.031
1305,0.031
1306,0.063
1307,0.046
1308,0.032
1309,0.062
1310,0.063
1311,0.063
1312,0.062
1313,0.031
1314,0.063
1315,0.078
1316,0.031
1317,0.047
1318,0.063
1319,0.078
1320,0.062
1321,0.047
1322,0.063
1323,0.046
1324,0.047
1325,0.016
1326,0.078
1327,0.047
1328,0.031
1329,0.078
1330,0.078
1331,0.047
1332,0.078
1333,0.063
1334,0.047
1335,0.031
1336,0.062
1337,0.031
1338,0.063
1339,0.062
1340,0.079
1341,0.031
1342,0.047
1343,0.063
1344,0.015
1345,0.078
1346,0.063
1347,0.062
1348,0.032
1349,0.078
1350,0.062
1351,0.032
1352,0.078
1353,0.078
1354,0.078
1355,0.078
1356,0.047
1357,0.047
1358,0.078
1359,0.078
1360,0.047
1361,0.047
1362,0.094
1363,0.046
1364,0.079
1365,0.031
1366,0.015
1367,0.032
1368,0.109
1369,0.063
1370,0.031
1371,0.062
1372,0.047
1373,0.063
1374,0.031
1375,0.031
1376,0.063
1377,0.078
1378,0.015
1379,0.063
1380,0.031
1381,0.031
1382,0.079
1383,0.062
1384,0.047
1385,0.031
1386,0.047
1387,0.078
1388,0.031
1389,0.079
1390,0.031
1391,0.031
1392,0.031
1393,0.078
1394,0.063
1395,0.031
1396,0.047
1397,0.063
1398,0.046
1399,0.047
1400,0.063
1401,0.047
1402,0.031
1403,0.031
1404,0.063
1405,0.047
1406,0.031
1407,0.078
1408,0.062
1409,0.047
1410,0.063
1411,0.047
1412,0.062
1413,0.078
1414,0.078
1415,0.063
1416,0.047
1417,0.062
1418,0.032
1419,0.062
1420,0.047
1421,0.078
1422,0.093
1423,0.125
1424,0.078
1425,0.078
1426,0.063
1427,0.047
1428,0.094
1429,0.062
1430,0.078
1431,0.063
1432,0.078
1433,0.047
1434,0.047
1435,0.062
1436,0.047
1437,0.078
1438,0.063
1439,0.031
1440,0.078
1441,0.016
1442,0.078
1443,0.078
1444,0.063
1445,0.031
1446,0.047
1447,0.047
1448,0.093
1449,0.063
1450,0.094
1451,0.047
1452,0.062
1453,0.094
1454,0.031
1455,0.063
1456,0.078
1457,0.062
1458,0.063
1459,0.078
1460,0.078
1461,0.062
1462,0.047
1463,0.047
1464,0.078
1465,0.063
1466,0.062
1467,0.078
1468,0.094
1469,0.047
1470,0.094
1471,0.078
1472,0.078
1473,0.078
1474,0.063
1475,0.062
1476,0.078
1477,0.063
1478,0.031
1479,0.047
1480,0.094
1481,0.062
1482,0.063
1483,0.109
1484,0.032
1485,0.078
1486,0.062
1487,0.047
1488,0.078
1489,0.047
1490,0.063
1491,0.047
1492,0.046
1493,0.047
1494,0.063
1495,0.062
1496,0.078
1497,0.047
1498,0.078
1499,0.079
1500,0.093
1501,0.078
1502,0.079
1503,0.062
1504,0.031
1505,0.047
1506,0.047
1507,0.063
1508,0.062
1509,0.078
1510,0.063
1511,0.078
1512,0.047
1513,0.078
1514,0.062
1515,0.047
1516,0.078
1517,0.063
1518,0.094
1519,0.062
1520,0.094
1521,0.078
1522,0.062
1523,0.125
1524,0.047
1525,0.078
1526,0.047
1527,0.062
1528,0.031
1529,0.063
1530,0.031
1531,0.047
1532,0.063
1533,0.093
1534,0.078
1535,0.063
1536,0.078
1537,0.063
1538,0.031
1539,0.094
1540,0.062
1541,0.063
1542,0.078
1543,0.062
1544,0.078
1545,0.032
1546,0.093
1547,0.094
1548,0.094
1549,0.047
1550,0.094
1551,0.156
1552,0.078
1553,0.063
1554,0.078
1555,0.078
1556,0.062
1557,0.063
1558,0.047
1559,0.062
1560,0.047
1561,0.078
1562,0.078
1563,0.094
1564,0.094
1565,0.125
1566,0.093
1567,0.047
1568,0.078
1569,0.079
1570,0.109
1571,0.063
1572,0.062
1573,0.047
1574,0.063
1575,0.031
1576,0.062
1577,0.063
1578,0.093
1579,0.094
1580,0.078
1581,0.109
1582,0.063
1583,0.125
1584,0.094
1585,0.078
1586,0.093
1587,0.032
1588,0.078
1589,0.047
1590,0.031
1591,0.047
1592,0.109
1593,0.063
1594,0.078
1595,0.062
1596,0.094
1597,0.063
1598,0.062
1599,0.094
1600,0.094
1601,0.078
1602,0.031
1603,0.063
1604,0.094
1605,0.078
1606,0.047
1607,0.093
1608,0.078
1609,0.094
1610,0.063
1611,0.047
1612,0.109
1613,0.032
1614,0.078
1615,0.062
1616,0.031
1617,0.079
1618,0.078
1619,0.093
1620,0.079
1621,0.078
1622,0.062
1623,0.063
1624,0.031
1625,0.047
1626,0.062
1627,0.063
1628,0.094
1629,0.078
1630,0.093
1631,0.094
1632,0.063
1633,0.124
1634,0.094
1635,0.109
1636,0.094
1637,0.047
1638,0.109
1639,0.078
1640,0.063
1641,0.078
1642,0.109
1643,0.078
1644,0.047
1645,0.016
1646,0.062
1647,0.095
1648,0.078
1649,0.078
1650,0.078
1651,0.077
1652,0.079
1653,0.093
1654,0.094
1655,0.063
1656,0.093
1657,0.063
1658,0.109
1659,0.078
1660,0.094
1661,0.078
1662,0.094
1663,0.125
1664,0.078
1665,0.109
1666,0.094
1667,0.047
1668,0.109
1669,0.079
1670,0.062
1671,0.125
1672,0.078
1673,0.094
1674,0.094
1675,0.093
1676,0.11
1677,0.062
1678,0.078
1679,0.079
1680,0.125
1681,0.078
1682,0.063
1683,0.14
1684,0.078
1685,0.125
1686,0.063
1687,0.094
1688,0.062
1689,0.109
1690,0.079
1691,0.062
1692,0.047
1693,0.109
1694,0.094
1695,0.094
1696,0.078
1697,0.125
1698,0.062
1699,0.079
1700,0.078
1701,0.109
1702,0.063
1703,0.078
1704,0.031
1705,0.078
1706,0.078
1707,0.141
1708,0.094
1709,0.062
1710,0.125
1711,0.094
1712,0.156
1713,0.078
1714,0.078
1715,0.078
1716,0.063
1717,0.109
1718,0.172
1719,0.094
1720,0.109
1721,0.141
1722,0.109
1723,0.094
1724,0.063
1725,0.125
1726,0.093
1727,0.11
1728,0.109
1729,0.047
1730,0.094
1731,0.109
1732,0.047
1733,0.109
1734,0.11
1735,0.078
1736,0.078
1737,0.125
1738,0.094
1739,0.125
1740,0.109
1741,0.047
1742,0.109
1743,0.063
1744,0.094
1745,0.062
1746,0.063
1747,0.062
1748,0.172
1749,0.109
1750,0.094
1751,0.063
1752,0.156
1753,0.125
1754,0.078
1755,0.094
1756,0.093
1757,0.125
1758,0.126
1759,0.125
1760,0.078
1761,0.094
1762,0.047
1763,0.093
1764,0.11
1765,0.109
1766,0.078
1767,0.141
1768,0.094
1769,0.109
1770,0.078
1771,0.063
1772,0.062
1773,0.094
1774,0.062
1775,0.078
1776,0.063
1777,0.094
1778,0.062
1779,0.141
1780,0.078
1781,0.078
1782,0.109
1783,0.11
1784,0.094
1785,0.109
1786,0.094
1787,0.078
1788,0.094
1789,0.093
1790,0.094
1791,0.063
1792,0.14
1793,0.125
1794,0.11
1795,0.093
1796,0.11
1797,0.093
1798,0.11
1799,0.109
1800,0.063
1801,0.14
1802,0.094
1803,0.125
1804,0.078
1805,0.11
1806,0.078
1807,0.078
1808,0.125
1809,0.078
1810,0.094
1811,0.093
1812,0.078
1813,0.094
1814,0.109
1815,0.094
1816,0.063
1817,0.078
1818,0.125
1819,0.094
1820,0.077
1821,0.079
1822,0.109
1823,0.094
1824,0.093
1825,0.094
1826,0.078
1827,0.11
1828,0.093
1829,0.079
1830,0.125
1831,0.125
1832,0.015
1833,0.125
1834,0.047
1835,0.094
1836,0.062
1837,0.125
1838,0.047
1839,0.11
1840,0.109
1841,0.062
1842,0.047
1843,0.125
1844,0.078
1845,0.094
1846,0.125
1847,0.125
1848,0.125
1849,0.11
1850,0.078
1851,0.109
1852,0.079
1853,0.077
1854,0.078
1855,0.125
1856,0.094
1857,0.11
1858,0.047
1859,0.125
1860,0.14
1861,0.078
1862,0.094
1863,0.125
1864,0.125
1865,0.109
1866,0.047
1867,0.078
1868,0.078
1869,0.141
1870,0.078
1871,0.109
1872,0.11
1873,0.109
1874,0.109
1875,0.094
1876,0.141
1877,0.094
1878,0.093
1879,0.094
1880,0.094
1881,0.094
1882,0.109
1883,0.078
1884,0.125
1885,0.109
1886,0.11
1887,0.14
1888,0.141
1889,0.094
1890,0.094
1891,0.156
1892,0.125
1893,0.14
1894,0.094
1895,0.156
1896,0.094
1897,0.063
1898,0.093
1899,0.094
1900,0.094
1901,0.156
1902,0.125
1903,0.078
1904,0.094
1905,0.141
1906,0.125
1907,0.109
1908,0.125
1909,0.156
1910,0.109
1911,0.079
1912,0.125
1913,0.171
1914,0.141
1915,0.125
1916,0.125
1917,0.11
1918,0.094
1919,0.125
1920,0.125
1921,0.109
1922,0.094
1923,0.093
1924,0.141
1925,0.125
1926,0.109
1927,0.11
1928,0.125
1929,0.109
1930,0.094
1931,0.109
1932,0.078
1933,0.125
1934,0.125
1935,0.11
1936,0.109
1937,0.078
1938,0.047
1939,0.125
1940,0.078
1941,0.141
1942,0.078
1943,0.11
1944,0.125
1945,0.109
1946,0.093
1947,0.078
1948,0.141
1949,0.125
1950,0.141
1951,0.14
1952,0.094
1953,0.125
1954,0.078
1955,0.141
1956,0.109
1957,0.11
1958,0.125
1959,0.14
1960,0.063
1961,0.125
1962,0.062
1963,0.141
1964,0.14
1965,0.157
1966,0.093
1967,0.125
1968,0.141
1969,0.094
1970,0.172
1971,0.156
1972,0.125
1973,0.14
1974,0.047
1975,0.125
1976,0.141
1977,0.109
1978,0.11
1979,0.078
1980,0.14
1981,0.11
1982,0.109
1983,0.094
1984,0.11
1985,0.078
1986,0.109
1987,0.125
1988,0.109
1989,0.11
1990,0.109
1991,0.172
1992,0.109
1993,0.125
1994,0.157
1995,0.093
1996,0.079
1997,0.109
1998,0.125
1999,0.141
2000,0.109
2001,0.125
2002,0.109
2003,0.141
2004,0.125
2005,0.125
2006,0.125
2007,0.125
2008,0.125
2009,0.109
2010,0.11
2011,0.093
2012,0.11
2013,0.062
2014,0.203
2015,0.125
2016,0.125
2017,0.141
2018,0.094
2019,0.125
2020,0.14
2021,0.079
2022,0.14
2023,0.11
2024,0.14
2025,0.125
2026,0.078
2027,0.157
2028,0.156
2029,0.141
2030,0.125
2031,0.125
2032,0.094
2033,0.108
2034,0.094
2035,0.109
2036,0.094
2037,0.11
2038,0.109
2039,0.094
2040,0.156
2041,0.062
2042,0.11
2043,0.062
2044,0.094
2045,0.063
2046,0.156
2047,0.141
2048,0.187
2049,0.141
2050,0.109
2051,0.078
2052,0.141
2053,0.094
2054,0.125
2055,0.125
2056,0.14
2057,0.125
2058,0.125
2059,0.125
2060,0.11
2061,0.094
2062,0.125
2063,0.125
2064,0.14
2065,0.125
2066,0.078
2067,0.125
2068,0.078
2069,0.063
2070,0.141
2071,0.109
2072,0.109
2073,0.094
2074,0.109
2075,0.094
2076,0.141
2077,0.063
2078,0.109
2079,0.109
2080,0.157
2081,0.078
2082,0.093
2083,0.172
2084,0.14
2085,0.11
2086,0.156
2087,0.078
2088,0.125
2089,0.156
2090,0.11
2091,0.094
2092,0.125
2093,0.109
2094,0.094
2095,0.172
2096,0.125
2097,0.125
2098,0.109
2099,0.125
2100,0.156
2101,0.156
2102,0.125
2103,0.157
2104,0.14
2105,0.11
2106,0.156
2107,0.156
2108,0.078
2109,0.11
2110,0.14
2111,0.188
2112,0.109
2113,0.156
2114,0.094
2115,0.188
2116,0.078
2117,0.125
2118,0.156
2119,0.125
2120,0.125
2121,0.141
2122,0.125
2123,0.125
2124,0.14
2125,0.11
2126,0.109
2127,0.156
2128,0.078
2129,0.063
2130,0.125
2131,0.156
2132,0.125
2133,0.11
2134,0.125
2135,0.109
2136,0.094
2137,0.125
2138,0.109
2139,0.156
2140,0.141
2141,0.141
2142,0.109
2143,0.094
2144,0.14
2145,0.172
2146,0.094
2147,0.125
2148,0.172
2149,0.125
2150,0.125
2151,0.156
2152,0.079
2153,0.109
2154,0.14
2155,0.125
2156,0.141
2157,0.094
2158,0.14
2159,0.141
2160,0.125
2161,0.078
2162,0.125
2163,0.125
2164,0.094
2165,0.11
2166,0.078
2167,0.109
2168,0.156
2169,0.078
2170,0.094
2171,0.125
2172,0.141
2173,0.078
2174,0.078
2175,0.172
2176,0.125
2177,0.109
2178,0.141
2179,0.109
2180,0.109
2181,0.094
2182,0.156
2183,0.094
2184,0.078
2185,0.125
2186,0.125
2187,0.109
2188,0.11
2189,0.109
2190,0.141
2191,0.093
2192,0.11
2193,0.078
2194,0.078
2195,0.109
2196,0.095
2197,0.078
2198,0.109
2199,0.125
2200,0.172
2201,0.093
2202,0.063
2203,0.047
2204,0.125
2205,0.062
2206,0.157
2207,0.078
2208,0.156
2209,0.062
2210,0.172
2211,0.11
2212,0.172
2213,0.141
2214,0.093
2215,0.11
2216,0.109
2217,0.156
2218,0.157
2219,0.109
2220,0.094
2221,0.062
2222,0.11
2223,0.187
2224,0.109
2225,0.094
2226,0.11
2227,0.14
2228,0.141
2229,0.156
2230,0.141
2231,0.093
2232,0.11
2233,0.14
2234,0.157
2235,0.062
2236,0.125
2237,0.156
2238,0.141
2239,0.109
2240,0.11
2241,0.094
2242,0.156
2243,0.078
2244,0.125
2245,0.14
2246,0.109
2247,0.125
2248,0.11
2249,0.078
2250,0.141
2251,0.156
2252,0.125
2253,0.078
2254,0.156
2255,0.079
2256,0.14
2257,0.094
2258,0.047
2259,0.14
2260,0.11
2261,0.094
2262,0.156
2263,0.156
2264,0.109
2265,0.11
2266,0.156
2267,0.125
2268,0.109
2269,0.188
2270,0.078
2271,0.141
2272,0.172
2273,0.046
2274,0.11
2275,0.094
2276,0.125
2277,0.14
2278,0.156
2279,0.125
2280,0.125
2281,0.11
2282,0.125
2283,0.109
2284,0.187
2285,0.11
2286,0.125
2287,0.14
2288,0.125
2289,0.172
2290,0.125
2291,0.125
2292,0.11
2293,0.203
2294,0.125
2295,0.109
2296,0.094
2297,0.109
2298,0.157
2299,0.187
2300,0.141
2301,0.14
2302,0.11
2303,0.156
2304,0.109
2305,0.078
2306,0.126
2307,0.078
2308,0.141
2309,0.171
2310,0.094
2311,0.141
2312,0.109
2313,0.094
2314,0.094
2315,0.125
2316,0.109
2317,0.078
2318,0.11
2319,0.109
2320,0.125
2321,0.156
2322,0.156
2323,0.125
2324,0.141
2325,0.141
2326,0.109
2327,0.11
2328,0.125
2329,0.172
2330,0.078
2331,0.094
2332,0.093
2333,0.11
2334,0.125
2335,0.125
2336,0.047
2337,0.218
2338,0.093
2339,0.157
2340,0.14
2341,0.078
2342,0.172
2343,0.11
2344,0.187
2345,0.094
2346,0.109
2347,0.157
2348,0.109
2349,0.094
2350,0.125
2351,0.093
2352,0.11
2353,0.172
2354,0.063
2355,0.093
2356,0.125
2357,0.14
2358,0.157
2359,0.109
2360,0.109
2361,0.063
2362,0.125
2363,0.125
2364,0.125
2365,0.094
2366,0.093
2367,0.157
2368,0.156
2369,0.14
2370,0.094
2371,0.094
2372,0.094
2373,0.125
2374,0.187
2375,0.125
2376,0.11
2377,0.156
2378,0.14
2379,0.157
2380,0.125
2381,0.141
2382,0.172
2383,0.172
2384,0.109
2385,0.11
2386,0.109
2387,0.187
2388,0.235
2389,0.14
2390,0.094
2391,0.11
2392,0.14
2393,0.11
2394,0.171
2395,0.079
2396,0.187
2397,0.109
2398,0.204
2399,0.171
2400,0.125
2401,0.187
2402,0.157
2403,0.125
2404,0.156
2405,0.172
2406,0.156
2407,0.109
2408,0.203
2409,0.172
2410,0.235
2411,0.172
2412,0.14
2413,0.125
2414,0.203
2415,0.172
2416,0.094
2417,0.109
2418,0.219
2419,0.141
2420,0.125
2421,0.156
2422,0.172
2423,0.25
2424,0.172
2425,0.125
2426,0.094
2427,0.125
2428,0.203
2429,0.094
2430,0.203
2431,0.109
2432,0.094
2433,0.203
2434,0.172
2435,0.156
2436,0.157
2437,0.14
2438,0.172
2439,0.109
2440,0.063
2441,0.078
2442,0.141
2443,0.125
2444,0.109
2445,0.125
2446,0.188
2447,0.125
2448,0.156
2449,0.187
2450,0.157
2451,0.234
2452,0.094
2453,0.125
2454,0.078
2455,0.156
2456,0.156
2457,0.172
2458,0.188
2459,0.125
2460,0.171
2461,0.125
2462,0.172
2463,0.203
2464,0.109
2465,0.141
2466,0.156
2467,0.11
2468,0.14
2469,0.156
2470,0.11
2471,0.156
2472,0.172
2473,0.156
2474,0.266
2475,0.172
2476,0.187
2477,0.188
2478,0.172
2479,0.218
2480,0.11
2481,0.109
2482,0.157
2483,0.25
2484,0.172
2485,0.062
2486,0.11
2487,0.219
2488,0.062
2489,0.203
2490,0.125
2491,0.203
2492,0.125
2493,0.188
2494,0.187
2495,0.188
2496,0.156
2497,0.156
2498,0.188
2499,0.109
2500,0.203
2501,0.125
2502,0.078
2503,0.172
2504,0.188
2505,0.156
2506,0.172
2507,0.156
2508,0.156
2509,0.157
2510,0.187
2511,0.171
2512,0.188
2513,0.172
2514,0.187
2515,0.203
2516,0.157
2517,0.187
2518,0.203
2519,0.203
2520,0.172
2521,0.157
2522,0.156
2523,0.125
2524,0.156
2525,0.203
2526,0.172
2527,0.141
2528,0.203
2529,0.203
2530,0.203
2531,0.219
2532,0.188
2533,0.14
2534,0.11
2535,0.234
2536,0.156
2537,0.219
2538,0.094
2539,0.187
2540,0.141
2541,0.141
2542,0.14
2543,0.172
2544,0.172
2545,0.156
2546,0.141
2547,0.219
2548,0.219
2549,0.203
2550,0.156
2551,0.125
2552,0.141
2553,0.187
2554,0.141
2555,0.203
2556,0.188
2557,0.172
2558,0.187
2559,0.141
2560,0.141
2561,0.125
2562,0.156
2563,0.156
2564,0.172
2565,0.172
2566,0.078
2567,0.172
2568,0.187
2569,0.125
2570,0.172
2571,0.141
2572,0.172
2573,0.156
2574,0.124
2575,0.157
2576,0.078
2577,0.063
2578,0.156
2579,0.156
2580,0.156
2581,0.187
2582,0.172
2583,0.125
2584,0.11
2585,0.171
2586,0.204
2587,0.156
2588,0.187
2589,0.172
2590,0.156
2591,0.172
2592,0.125
2593,0.219
2594,0.188
2595,0.203
2596,0.187
2597,0.156
2598,0.219
2599,0.172
2600,0.188
2601,0.218
2602,0.235
2603,0.265
2604,0.141
2605,0.25
2606,0.172
2607,0.219
2608,0.25
2609,0.203
2610,0.125
2611,0.234
2612,0.157
2613,0.234
2614,0.219
2615,0.234
2616,0.203
2617,0.235
2618,0.172
2619,0.265
2620,0.172
2621,0.125
2622,0.203
2623,0.203
2624,0.157
2625,0.187
2626,0.188
2627,0.141
2628,0.234
2629,0.234
2630,0.203
2631,0.14
2632,0.172
2633,0.204
2634,0.25
2635,0.14
2636,0.157
2637,0.172
2638,0.187
2639,0.234
2640,0.141
2641,0.141
2642,0.141
2643,0.156
2644,0.141
2645,0.203
2646,0.234
2647,0.203
2648,0.235
2649,0.203
2650,0.172
2651,0.125
2652,0.218
2653,0.25
2654,0.219
2655,0.234
2656,0.282
2657,0.203
2658,0.203
2659,0.219
2660,0.172
2661,0.218
2662,0.203
2663,0.234
2664,0.172
2665,0.203
2666,0.219
2667,0.171
2668,0.188
2669,0.25
2670,0.203
2671,0.172
2672,0.141
2673,0.171
2674,0.235
2675,0.203
2676,0.125
2677,0.172
2678,0.109
2679,0.172
2680,0.172
2681,0.188
2682,0.125
2683,0.14
2684,0.125
2685,0.25
2686,0.172
2687,0.141
2688,0.25
2689,0.219
2690,0.203
2691,0.125
2692,0.156
2693,0.172
2694,0.14
2695,0.187
2696,0.157
2697,0.172
2698,0.109
2699,0.172
2700,0.172
2701,0.187
2702,0.188
2703,0.078
2704,0.156
2705,0.234
2706,0.204
2707,0.234
2708,0.187
2709,0.188
2710,0.187
2711,0.235
2712,0.187
2713,0.203
2714,0.157
2715,0.188
2716,0.156
2717,0.203
2718,0.203
2719,0.203
2720,0.156
2721,0.141
2722,0.234
2723,0.219
2724,0.156
2725,0.188
2726,0.156
2727,0.156
2728,0.141
2729,0.203
2730,0.188
2731,0.234
2732,0.235
2733,0.266
2734,0.265
2735,0.219
2736,0.219
2737,0.218
2738,0.281
2739,0.156
2740,0.188
2741,0.234
2742,0.219
2743,0.234
2744,0.25
2745,0.297
2746,0.25
2747,0.25
2748,0.219
2749,0.297
2750,0.234
2751,0.188
2752,0.187
2753,0.141
2754,0.265
2755,0.235
2756,0.265
2757,0.235
2758,0.265
2759,0.188
2760,0.25
2761,0.172
2762,0.156
2763,0.187
2764,0.25
2765,0.235
2766,0.218
2767,0.173
2768,0.093
2769,0.141
2770,0.234
2771,0.078
2772,0.094
2773,0.203
2774,0.235
2775,0.203
2776,0.109
2777,0.172
2778,0.25
2779,0.187
2780,0.204
2781,0.187
2782,0.219
2783,0.234
2784,0.172
2785,0.281
2786,0.203
2787,0.219
2788,0.203
2789,0.266
2790,0.187
2791,0.235
2792,0.219
2793,0.203
2794,0.14
2795,0.25
2796,0.188
2797,0.251
2798,0.25
2799,0.218
2800,0.235
2801,0.14
2802,0.219
2803,0.25
2804,0.297
2805,0.281
2806,0.266
2807,0.265
2808,0.25
2809,0.188
2810,0.25
2811,0.219
2812,0.234
2813,0.25
2814,0.25
2815,0.219
2816,0.249
2817,0.203
2818,0.219
2819,0.203
2820,0.25
2821,0.219
2822,0.25
2823,0.234
2824,0.125
2825,0.266
2826,0.234
2827,0.266
2828,0.265
2829,0.297
2830,0.234
2831,0.172
2832,0.266
2833,0.281
2834,0.297
2835,0.234
2836,0.25
2837,0.235
2838,0.265
2839,0.266
2840,0.281
2841,0.188
2842,0.234
2843,0.266
2844,0.265
2845,0.219
2846,0.203
2847,0.219
2848,0.188
2849,0.234
2850,0.281
2851,0.219
2852,0.172
2853,0.203
2854,0.203
2855,0.219
2856,0.203
2857,0.266
2858,0.203
2859,0.234
2860,0.266
2861,0.25
2862,0.203
2863,0.187
2864,0.203
2865,0.204
2866,0.156
2867,0.156
2868,0.266
2869,0.265
2870,0.204
2871,0.172
2872,0.218
2873,0.172
2874,0.218
2875,0.235
2876,0.265
2877,0.266
2878,0.234
2879,0.219
2880,0.235
2881,0.25
2882,0.218
2883,0.297
2884,0.235
2885,0.218
2886,0.266
2887,0.156
2888,0.219
2889,0.187
2890,0.188
2891,0.203
2892,0.203
2893,0.235
2894,0.218
2895,0.25
2896,0.235
2897,0.265
2898,0.219
2899,0.203
2900,0.219
2901,0.141
2902,0.234
2903,0.281
2904,0.188
2905,0.218
2906,0.219
2907,0.297
2908,0.219
2909,0.234
2910,0.219
2911,0.25
2912,0.219
2913,0.281
2914,0.281
2915,0.328
2916,0.235
2917,0.281
2918,0.156
2919,0.328
2920,0.266
2921,0.234
2922,0.266
2923,0.203
2924,0.25
2925,0.266
2926,0.188
2927,0.171
2928,0.172
2929,0.219
2930,0.25
2931,0.25
2932,0.25
2933,0.281
2934,0.172
2935,0.234
2936,0.251
2937,0.203
2938,0.25
2939,0.281
2940,0.219
2941,0.235
2942,0.171
2943,0.25
2944,0.11
2945,0.312
2946,0.282
2947,0.171
2948,0.219
2949,0.297
2950,0.219
2951,0.187
2952,0.156
2953,0.25
2954,0.203
2955,0.219
2956,0.218
2957,0.219
2958,0.297
2959,0.266
2960,0.266
2961,0.234
2962,0.234
2963,0.25
2964,0.235
2965,0.172
2966,0.328
2967,0.25
2968,0.219
2969,0.234
2970,0.234
2971,0.203
2972,0.204
2973,0.171
2974,0.157
2975,0.25
2976,0.172
2977,0.203
2978,0.219
2979,0.219
2980,0.218
2981,0.125
2982,0.281
2983,0.219
2984,0.172
2985,0.203
2986,0.203
2987,0.14
2988,0.204
2989,0.218
2990,0.203
2991,0.219
2992,0.235
2993,0.25
2994,0.312
2995,0.281
2996,0.266
2997,0.297
2998,0.281
2999,0.219
3000,0.219
3001,0.25
3002,0.281
3003,0.281
3004,0.234
3005,0.266
3006,0.313
3007,0.171
3008,0.297
3009,0.219
3010,0.266
3011,0.281
3012,0.281
3013,0.266
3014,0.312
3015,0.282
3016,0.218
3017,0.172
3018,0.25
3019,0.203
3020,0.235
3021,0.312
3022,0.235
3023,0.343
3024,0.219
3025,0.266
3026,0.265
3027,0.25
3028,0.219
3029,0.188
3030,0.312
3031,0.328
3032,0.25
3033,0.266
3034,0.25
3035,0.219
3036,0.281
3037,0.391
3038,0.265
3039,0.281
3040,0.266
3041,0.203
3042,0.235
3043,0.265
3044,0.266
3045,0.297
3046,0.312
3047,0.281
3048,0.266
3049,0.281
3050,0.235
3051,0.343
3052,0.266
3053,0.188
3054,0.234
3055,0.234
3056,0.344
3057,0.25
3058,0.266
3059,0.234
3060,0.188
3061,0.25
3062,0.266
3063,0.203
3064,0.172
3065,0.281
3066,0.203
3067,0.172
3068,0.312
3069,0.25
3070,0.203
3071,0.25
3072,0.204
3073,0.265
3074,0.235
3075,0.171
3076,0.25
3077,0.266
3078,0.234
3079,0.188
3080,0.266
3081,0.25
3082,0.171
3083,0.235
3084,0.281
3085,0.281
3086,0.235
3087,0.281
3088,0.297
3089,0.344
3090,0.296
3091,0.297
3092,0.25
3093,0.219
3094,0.219
3095,0.28
3096,0.266
3097,0.281
3098,0.172
3099,0.235
3100,0.281
3101,0.266
3102,0.172
3103,0.281
3104,0.297
3105,0.25
3106,0.203
3107,0.234
3108,0.219
3109,0.203
3110,0.328
3111,0.266
3112,0.281
3113,0.25
3114,0.25
3115,0.297
3116,0.188
3117,0.219
3118,0.203
3119,0.281
3120,0.203
3121,0.25
3122,0.266
3123,0.234
3124,0.219
3125,0.25
3126,0.266
3127,0.297
3128,0.25
3129,0.219
3130,0.203
3131,0.343
3132,0.219
3133,0.297
3134,0.328
3135,0.203
3136,0.312
3137,0.266
3138,0.297
3139,0.281
3140,0.203
3141,0.219
3142,0.266
3143,0.234
3144,0.329
3145,0.281
3146,0.203
3147,0.25
3148,0.234
3149,0.235
3150,0.281
3151,0.297
3152,0.312
3153,0.219
3154,0.313
3155,0.296
3156,0.282
3157,0.25
3158,0.25
3159,0.187
3160,0.203
3161,0.282
3162,0.218
3163,0.36
3164,0.328
3165,0.203
3166,0.327
3167,0.204
3168,0.187
3169,0.234
3170,0.282
3171,0.375
3172,0.187
3173,0.313
3174,0.218
3175,0.297
3176,0.313
3177,0.281
3178,0.25
3179,0.204
3180,0.234
3181,0.219
3182,0.25
3183,0.218
3184,0.281
3185,0.204
3186,0.218
3187,0.344
3188,0.344
3189,0.313
3190,0.312
3191,0.313
3192,0.359
3193,0.313
3194,0.187
3195,0.297
3196,0.344
3197,0.297
3198,0.312
3199,0.281
3200,0.235
3201,0.25
3202,0.359
3203,0.36
3204,0.203
3205,0.234
3206,0.188
3207,0.265
3208,0.313
3209,0.266
3210,0.296
3211,0.25
3212,0.406
3213,0.344
3214,0.297
3215,0.343
3216,0.25
3217,0.266
3218,0.344
3219,0.281
3220,0.312
3221,0.266
3222,0.281
3223,0.297
3224,0.25
3225,0.266
3226,0.312
3227,0.219
3228,0.219
3229,0.25
3230,0.297
3231,0.343
3232,0.266
3233,0.297
3234,0.297
3235,0.359
3236,0.313
3237,0.281
3238,0.203
3239,0.297
3240,0.281
3241,0.234
3242,0.297
3243,0.297
3244,0.266
3245,0.344
3246,0.265
3247,0.266
3248,0.375
3249,0.297
3250,0.265
3251,0.313
3252,0.281
3253,0.297
3254,0.328
3255,0.281
3256,0.297
3257,0.328
3258,0.266
3259,0.328
3260,0.375
3261,0.313
3262,0.312
3263,0.266
3264,0.312
3265,0.297
3266,0.188
3267,0.281
3268,0.359
3269,0.266
3270,0.344
3271,0.375
3272,0.296
3273,0.313
3274,0.359
3275,0.297
3276,0.25
3277,0.344
3278,0.297
3279,0.312
3280,0.282
3281,0.39
3282,0.25
3283,0.297
3284,0.391
3285,0.328
3286,0.344
3287,0.312
3288,0.359
3289,0.235
3290,0.265
3291,0.282
3292,0.312
3293,0.235
3294,0.281
3295,0.281
3296,0.328
3297,0.235
3298,0.218
3299,0.219
3300,0.234
3301,0.266
3302,0.219
3303,0.312
3304,0.344
3305,0.329
3306,0.234
3307,0.25
3308,0.282
3309,0.327
3310,0.281
3311,0.313
3312,0.234
3313,0.235
3314,0.25
3315,0.281
3316,0.25
3317,0.359
3318,0.219
3319,0.266
3320,0.328
3321,0.234
3322,0.344
3323,0.281
3324,0.266
3325,0.281
3326,0.313
3327,0.344
3328,0.312
3329,0.328
3330,0.344
3331,0.281
3332,0.203
3333,0.266
3334,0.234
3335,0.188
3336,0.312
3337,0.328
3338,0.313
3339,0.281
3340,0.313
3341,0.25
3342,0.281
3343,0.297
3344,0.36
3345,0.281
3346,0.234
3347,0.312
3348,0.203
3349,0.219
3350,0.328
3351,0.25
3352,0.281
3353,0.344
3354,0.235
3355,0.281
3356,0.25
3357,0.234
3358,0.36
3359,0.297
3360,0.234
3361,0.219
3362,0.344
3363,0.265
3364,0.25
3365,0.25
3366,0.375
3367,0.25
3368,0.328
3369,0.266
3370,0.374
3371,0.344
3372,0.266
3373,0.281
3374,0.281
3375,0.235
3376,0.297
3377,0.344
3378,0.234
3379,0.172
3380,0.25
3381,0.328
3382,0.312
3383,0.266
3384,0.344
3385,0.328
3386,0.172
3387,0.266
3388,0.281
3389,0.297
3390,0.281
3391,0.235
3392,0.203
3393,0.281
3394,0.203
3395,0.188
3396,0.328
3397,0.312
3398,0.36
3399,0.296
3400,0.266
3401,0.391
3402,0.265
3403,0.266
3404,0.25
3405,0.25
3406,0.312
3407,0.344
3408,0.265
3409,0.313
3410,0.266
3411,0.234
3412,0.313
3413,0.328
3414,0.312
3415,0.313
3416,0.328
3417,0.312
3418,0.266
3419,0.297
3420,0.234
3421,0.344
3422,0.266
3423,0.187
3424,0.313
3425,0.328
3426,0.281
3427,0.297
3428,0.187
3429,0.391
3430,0.344
3431,0.281
3432,0.375
3433,0.25
3434,0.391
3435,0.266
3436,0.281
3437,0.219
3438,0.359
3439,0.281
3440,0.312
3441,0.234
3442,0.344
3443,0.406
3444,0.219
3445,0.344
3446,0.312
3447,0.204
3448,0.234
3449,0.375
3450,0.25
3451,0.281
3452,0.266
3453,0.187
3454,0.235
3455,0.218
3456,0.391
3457,0.234
3458,0.204
3459,0.203
3460,0.312
3461,0.281
3462,0.266
3463,0.266
3464,0.297
3465,0.187
3466,0.281
3467,0.329
3468,0.281
3469,0.359
3470,0.329
3471,0.265
3472,0.312
3473,0.266
3474,0.328
3475,0.312
3476,0.344
3477,0.375
3478,0.375
3479,0.266
3480,0.328
3481,0.203
3482,0.328
3483,0.297
3484,0.328
3485,0.172
3486,0.297
3487,0.297
3488,0.375
3489,0.344
3490,0.344
3491,0.297
3492,0.265
3493,0.391
3494,0.328
3495,0.375
3496,0.344
3497,0.266
3498,0.312
3499,0.328
3500,0.313
3501,0.328
3502,0.312
3503,0.219
3504,0.375
3505,0.313
3506,0.296
3507,0.329
3508,0.343
3509,0.266
3510,0.406
3511,0.375
3512,0.203
3513,0.265
3514,0.36
3515,0.281
3516,0.344
3517,0.172
3518,0.203
3519,0.219
3520,0.359
3521,0.281
3522,0.375
3523,0.344
3524,0.281
3525,0.25
3526,0.345
3527,0.25
3528,0.328
3529,0.312
3530,0.328
3531,0.297
3532,0.313
3533,0.343
3534,0.344
3535,0.438
3536,0.328
3537,0.375
3538,0.328
3539,0.297
3540,0.39
3541,0.375
3542,0.266
3543,0.313
3544,0.281
3545,0.281
3546,0.422
3547,0.359
3548,0.266
3549,0.328
3550,0.328
3551,0.25
3552,0.235
3553,0.281
3554,0.375
3555,0.344
3556,0.218
3557,0.25
3558,0.282
3559,0.359
3560,0.219
3561,0.218
3562,0.313
3563,0.266
3564,0.171
3565,0.297
3566,0.218
3567,0.313
3568,0.172
3569,0.265
3570,0.282
3571,0.234
3572,0.266
3573,0.265
3574,0.282
3575,0.312
3576,0.25
3577,0.328
3578,0.266
3579,0.25
3580,0.203
3581,0.282
3582,0.312
3583,0.297
3584,0.125
3585,0.219
3586,0.343
3587,0.297
3588,0.297
3589,0.328
3590,0.328
3591,0.344
3592,0.328
3593,0.328
3594,0.359
3595,0.266
3596,0.36
3597,0.25
3598,0.421
3599,0.219
3600,0.094
3601,0.281
3602,0.422
3603,0.375
3604,0.266
3605,0.297
3606,0.218
3607,0.313
3608,0.281
3609,0.438
3610,0.296
3611,0.204
3612,0.203
3613,0.312
3614,0.344
3615,0.297
3616,0.375
3617,0.359
3618,0.281
3619,0.313
3620,0.312
3621,0.141
3622,0.172
3623,0.281
3624,0.235
3625,0.218
3626,0.297
3627,0.344
3628,0.438
3629,0.234
3630,0.344
3631,0.265
3632,0.266
3633,0.344
3634,0.359
3635,0.375
3636,0.344
3637,0.313
3638,0.359
3639,0.25
3640,0.344
3641,0.25
3642,0.328
3643,0.25
3644,0.281
3645,0.25
3646,0.312
3647,0.25
3648,0.25
3649,0.234
3650,0.22
3651,0.109
3652,0.266
3653,0.375
3654,0.218
3655,0.234
3656,0.281
3657,0.36
3658,0.375
3659,0.5
3660,0.329
3661,0.234
3662,0.063
3663,0.046
3664,0.187
3665,0.235
3666,0.14
3667,0.25
3668,0.266
3669,0.156
3670,0.172
3671,0.25
3672,0.156
3673,0.25
3674,0.079
3675,0.14
3676,0.047
3677,0.016
3678,0.078
3679,0.141
3680,0
3681,0.031
3682,0.016
3683,0
3684,0
3685,0.031
3686,0.015
3687,0
3688,0.125
3689,0.11
3690,0.062
3691,0.078
3692,0.141
3693,0.203
3694,0.188
3695,0.125
3696,0.093
3697,0.172
3698,0.141
3699,0.125
3700,0.078
3701,0.109
3702,0.11
3703,0.156
3704,0.141
3705,0.125
3706,0.156
3707,0.125
3708,0.156
3709,0.094
3710,0.062
3711,0.079
3712,0.125
3713,0.187
3714,0.156
3715,0.172
3716,0.156
3717,0.157
3718,0.187
3719,0.078
3720,0.157
3721,0.062
3722,0.141
3723,0.203
3724,0.125
3725,0.172
3726,0.203
3727,0.109
3728,0.078
3729,0.203
3730,0.125
3731,0.282
3732,0.187
3733,0.094
3734,0.031
3735,0.125
3736,0.156
3737,0.172
3738,0.078
3739,0.094
3740,0.078
3741,0.141
3742,0.141
3743,0.125
3744,0.156
3745,0.125
3746,0.094
3747,0.171
3748,0.094
3749,0.125
3750,0.078
3751,0.125
3752,0.094
3753,0.203
3754,0.063
3755,0.14
3756,0.063
3757,0.125
3758,0.109
3759,0.125
3760,0.063
3761,0.14
3762,0.125
3763,0.11
3764,0.125
3765,0.156
3766,0.031
3767,0.016
3768,0.155
3769,0.141
3770,0.078
3771,0.094
3772,0.078
3773,0.141
3774,0.078
3775,0.109
3776,0.156
3777,0.125
3778,0.157
3779,0.156
3780,0.172
3781,0.156
3782,0.109
3783,0.157
3784,0.109
3785,0.109
3786,0.125
3787,0.079
3788,0.062
3789,0.063
3790,0.046
3791,0.032
3792,0.062
3793,0.078
3794,0.032
3795,0.031
3796,0.015
3797,0.079
3798,0.031
3799,0.047
3800,0.031
3801,0
3802,0.047
3803,0.047
3804,0.062
3805,0.031
3806,0.079
3807,0.062
3808,0.078
3809,0.047
3810,0.063
3811,0
3812,0.046
3813,0.032
3814,0.078
3815,0.015
3816,0.094
3817,0.047
3818,0.109
3819,0.047
3820,0.016
3821,0.062
3822,0.032
3823,0.047
3824,0.093
3825,0.032
3826,0.062
3827,0.078
3828,0.063
3829,0.062
3830,0.016
3831,0.031
3832,0.047
3833,0.047
3834,0.062
3835,0.078
3836,0
3837,0.047
3838,0.094
3839,0.016
3840,0.093
3841,0.11
3842,0
3843,0.062
3844,0.047
3845,0.063
3846,0.047
3847,0.046
3848,0.047
3849,0.094
3850,0.047
3851,0.062
3852,0.172
3853,0.11
3854,0.078
3855,0.187
3856,0.11
3857,0.125
3858,0.156
3859,0.141
3860,0.171
3861,0.079
3862,0.125
3863,0.078
3864,0.078
3865,0.156
3866,0.063
3867,0.171
3868,0.11
3869,0.078
3870,0.11
3871,0.078
3872,0.109
3873,0.172
3874,0.125
3875,0.109
3876,0.11
3877,0.062
3878,0.125
3879,0.094
3880,0.047
3881,0.187
3882,0.125
3883,0.063
3884,0.203
3885,0.219
3886,0.109
3887,0.219
3888,0.141
3889,0.125
3890,0.109
3891,0.25
3892,0.094
3893,0.203
3894,0.203
3895,0.187
3896,0.047
3897,0.063
3898,0.172
3899,0.125
3900,0.203
3901,0.109
3902,0.11
3903,0.203
3904,0.14
3905,0.172
3906,0.094
3907,0.078
3908,0.031
3909,0.032
3910,0.062
3911,0.031
3912,0.016
3913,0
3914,0.047
3915,0.015
3916,0.047
3917,0.047
3918,0.016
3919,0.015
3920,0.188
3921,0.11
3922,0.109
3923,0.203
3924,0.063
3925,0.156
3926,0.219
3927,0.265
3928,0.172
3929,0.031
3930,0.094
3931,0.172
3932,0.141
3933,0.078
3934,0.078
3935,0.125
3936,0.172
3937,0.203
3938,0.125
3939,0.141
3940,0.14
3941,0.172
3942,0.078
3943,0.11
3944,0.109
3945,0.125
3946,0.078
3947,0.063
3948,0.093
3949,0.11
3950,0.062
3951,0.156
3952,0.125
3953,0.141
3954,0.078
3955,0.219
3956,0.125
3957,0.156
3958,0.188
3959,0.218
3960,0.094
3961,0.172
3962,0.172
3963,0.141
3964,0.203
3965,0.093
3966,0.11
3967,0.172
3968,0.203
3969,0.203
3970,0.187
3971,0.079
3972,0.187
3973,0.25
3974,0.172
3975,0.156
3976,0.125
3977,0.047
3978,0.281
3979,0.313
3980,0.344
3981,0.296
3982,0.187
3983,0.235
3984,0.265
3985,0.25
3986,0.203
3987,0.188
3988,0.219
3989,0.125
3990,0.14
3991,0.156
3992,0.204
3993,0.093
3994,0.141
3995,0.062
3996,0.125
3997,0.125
3998,0.094
3999,0.094
4000,0.156
4001,0.094
4002,0.141
4003,0.156
4004,0.172
4005,0.234
4006,0.125
4007,0.188
4008,0.14
4009,0.063
4010,0.156
4011,0.109
4012,0.141
4013,0.125
4014,0.078
4015,0.172
4016,0.125
4017,0.094
4018,0.093
4019,0.172
4020,0.047
4021,0.078
4022,0.125
4023,0.109
4024,0.203
4025,0.11
4026,0.125
4027,0.25
4028,0.187
4029,0.109
4030,0.188
4031,0.266
4032,0.265
4033,0.172
4034,0.141
4035,0.125
4036,0.156
4037,0.062
4038,0.079
4039,0.125
4040,0.125
4041,0.093
4042,0.125
4043,0.094
4044,0.188
4045,0.219
4046,0.187
4047,0.266
4048,0.219
4049,0.203
4050,0.218
4051,0.157
4052,0.328
4053,0.266
4054,0.188
4055,0.218
4056,0.172
4057,0.188
4058,0.218
4059,0.219
4060,0.297
4061,0.266
4062,0.234
4063,0.266
4064,0.234
4065,0.234
4066,0.188
4067,0.156
4068,0.203
4069,0.172
4070,0.156
4071,0.172
4072,0.266
4073,0.25
4074,0.25
4075,0.172
4076,0.172
4077,0.234
4078,0.172
4079,0.359
4080,0.219
4081,0.156
4082,0.266
4083,0.156
4084,0.25
4085,0.203
4086,0.219
4087,0.188
4088,0.25
4089,0.187
4090,0.219
4091,0.25
4092,0.406
4093,0.406
4094,0.235
4095,0.375
4096,0.39
4097,0.344
4098,0.484
4099,0.391
4100,0.313
4101,0.437
4102,0.469
4103,0.406
4104,0.328
4105,0.391
4106,0.421
4107,0.422
4108,0.375
4109,0.344
4110,0.407
4111,0.406
4112,0.422
4113,0.234
4114,0.25
4115,0.203
4116,0.141
4117,0.25
4118,0.219
4119,0.297
4120,0.296
4121,0.157
4122,0.172
4123,0.203
4124,0.203
4125,0.234
4126,0.219
4127,0.297
4128,0.249
4129,0.172
4130,0.203
4131,0.063
4132,0.109
4133,0.109
4134,0.219
4135,0.219
4136,0.25
4137,0.156
4138,0.125
4139,0.235
4140,0.171
4141,0.141
4142,0.141
4143,0.187
4144,0.219
4145,0.109
4146,0.219
4147,0.172
4148,0.109
4149,0.141
4150,0.187
4151,0.141
4152,0.219
4153,0.187
4154,0.11
4155,0.234
4156,0.234
4157,0.188
4158,0.25
4159,0.266
4160,0.281
4161,0.156
4162,0.219
4163,0.187
4164,0.188
4165,0.187
4166,0.203
4167,0.141
4168,0.313
4169,0.203
4170,0.218
4171,0.204
4172,0.187
4173,0.219
4174,0.156
4175,0.234
4176,0.219
4177,0.235
4178,0.218
4179,0.219
4180,0.219
4181,0.125
4182,0.14
4183,0.047
4184,0.172
4185,0.11
4186,0.109
4187,0.078
4188,0.156
4189,0.157
4190,0.187
4191,0.188
4192,0.328
4193,0.109
4194,0.141
4195,0.109
4196,0.172
4197,0.188
4198,0.062
4199,0.125
4200,0.125
4201,0.172
4202,0.094
4203,0.094
4204,0.078
4205,0.156
4206,0.157
4207,0.125
4208,0.109
4209,0.125
4210,0.156
4211,0.016
4212,0.031
4213,0.094
4214,0.156
4215,0.172
4216,0.078
4217,0.094
4218,0.078
4219,0.125
4220,0.172
4221,0.094
4222,0.047
4223,0.187
4224,0.156
4225,0.235
4226,0.14
4227,0.11
4228,0.172
4229,0.281
4230,0.125
4231,0.203
4232,0.109
4233,0.032
4234,0.171
4235,0.094
4236,0.11
4237,0.046
4238,0.157
4239,0.14
4240,0.094
4241,0.031
4242,0.047
4243,0.031
4244,0.094
4245,0.11
4246,0.156
4247,0.187
4248,0.078
4249,0.235
4250,0.156
4251,0.109
4252,0.047
4253,0.188
4254,0.25
4255,0.219
4256,0.125
4257,0.187
4258,0.125
4259,0.203
4260,0.281
4261,0.141
4262,0.016
4263,0.078
4264,0.125
4265,0.25
4266,0.062
4267,0.063
4268,0
4269,0.125
4270,0.031
4271,0
4272,0.109
4273,0.047
4274,0.078
4275,0
4276,0.204
4277,0.234
4278,0.187
4279,0.36
4280,0.234
4281,0.156
4282,0.266
4283,0.094
4284,0.265
4285,0.156
4286,0.219
4287,0.109
4288,0.313
4289,0.203
4290,0.234
4291,0.219
4292,0.141
4293,0.109
4294,0.094
4295,0.125
4296,0.156
4297,0.125
4298,0.204
4299,0.109
4300,0.047
4301,0.109
4302,0.032
4303,0.078
4304,0.203
4305,0.125
4306,0.203
4307,0.125
4308,0.063
4309,0.109
4310,0.047
4311,0.078
4312,0.031
4313,0.063
4314,0.234
4315,0.203
4316,0.219
4317,0.125
4318,0.062
4319,0.204
4320,0.171
4321,0.079
4322,0.156
4323,0.125
4324,0.25
4325,0.109
4326,0.25
4327,0.235
4328,0.328
4329,0.297
4330,0.25
4331,0.265
4332,0.188
4333,0.187
4334,0.297
4335,0.172
4336,0.172
4337,0.234
4338,0.266
4339,0.297
4340,0.172
4341,0.218
4342,0.219
4343,0.359
4344,0.157
4345,0.234
4346,0.188
4347,0.125
4348,0.187
4349,0.124
4350,0.188
4351,0.172
4352,0.187
4353,0.219
4354,0.281
4355,0.219
4356,0.156
4357,0.219
4358,0.109
4359,0.079
4360,0.109
4361,0.109
4362,0.141
4363,0.094
4364,0.062
4365,0.094
4366,0.031
4367,0.11
4368,0.234
4369,0.203
4370,0.125
4371,0.156
4372,0.094
4373,0.063
4374,0.187
4375,0.094
4376,0.109
4377,0.188
4378,0.218
4379,0.204
4380,0.25
4381,0.187
4382,0.266
4383,0.375
4384,0.172
4385,0.187
4386,0.172
4387,0.25
4388,0.219
4389,0.313
4390,0.187
4391,0.156
4392,0.25
4393,0.156
4394,0.109
4395,0.047
4396,0.125
4397,0.156
4398,0.125
4399,0.204
4400,0.234
4401,0.156
4402,0.078
4403,0.188
4404,0.141
4405,0.078
4406,0.094
4407,0.125
4408,0.218
4409,0.25
4410,0.172
4411,0.172
4412,0.219
4413,0.234
4414,0.25
4415,0.141
4416,0.219
4417,0.172
4418,0.187
4419,0.078
4420,0.094
4421,0.062
4422,0.172
4423,0.344
4424,0.188
4425,0.296
4426,0.313
4427,0.297
4428,0.266
4429,0.265
4430,0.172
4431,0.219
4432,0.172
4433,0.172
4434,0.14
4435,0.11
4436,0.062
4437,0.141
4438,0.109
4439,0.235
4440,0.156
4441,0.266
4442,0.328
4443,0.297
4444,0.187
4445,0.328
4446,0.203
4447,0.265
4448,0.282
4449,0.187
4450,0.297
4451,0.125
4452,0.156
4453,0.094
4454,0.156
4455,0.11
4456,0.203
4457,0.187
4458,0.141
4459,0.187
4460,0.141
4461,0.047
4462,0.234
4463,0.156
4464,0.204
4465,0.078
4466,0.062
4467,0.078
4468,0.157
4469,0.062
4470,0.156
4471,0.219
4472,0.016
4473,0.125
4474,0.109
4475,0.078
4476,0.078
4477,0.203
4478,0.157
4479,0.172
4480,0.156
4481,0.187
4482,0.157
4483,0.171
4484,0.141
4485,0.203
4486,0.141
4487,0.109
4488,0.156
4489,0.125
4490,0.157
4491,0.187
4492,0.219
4493,0.203
4494,0.172
4495,0.203
4496,0.125
4497,0.156
4498,0.219
4499,0.125
4500,0.141
4501,0.078
4502,0.094
4503,0.078
4504,0.047
4505,0.156
4506,0.203
4507,0.187
4508,0.204
4509,0.187
4510,0.125
4511,0.125
4512,0.172
4513,0.125
4514,0.141
4515,0.14
4516,0.047
4517,0.031
4518,0.063
4519,0.078
4520,0.063
4521,0.031
4522,0.094
4523,0.062
4524,0.032
4525,0.078
4526,0.172
4527,0.125
4528,0.141
4529,0.171
4530,0.235
4531,0.312
4532,0.172
4533,0.188
4534,0.156
4535,0.266
4536,0.25
4537,0.156
4538,0.25
4539,0.078
4540,0.109
4541,0.078
4542,0.078
4543,0.141
4544,0.125
4545,0.234
4546,0.203
4547,0.157
4548,0.187
4549,0.156
4550,0.219
4551,0.219
4552,0.062
4553,0.141
4554,0.078
4555,0.125
4556,0.172
4557,0.328
4558,0.188
4559,0.093
4560,0.172
4561,0.141
4562,0.094
4563,0.093
4564,0.063
4565,0.109
4566,0.047
4567,0.11
4568,0.234
4569,0.109
4570,0.14
4571,0.157
4572,0.171
4573,0.141
4574,0.047
4575,0.031
4576,0.047
4577,0.094
4578,0.015
4579,0
4580,0.016
4581,0
4582,0.047
4583,0.031
4584,0.063
4585,0.047
4586,0.031
4587,0.031
4588,0
4589,0.047
4590,0.031
4591,0
4592,0.031
4593,0.032
4594,0.031
4595,0.031
4596,0.016
4597,0.047
4598,0.015
4599,0.047
4600,0
4601,0.031
4602,0.032
4603,0.109
4604,0
4605,0.016
4606,0.031
4607,0.031
4608,0.016
4609,0.031
4610,0
4611,0
4612,0
4613,0.016
4614,0.015
4615,0.016
4616,0.047
4617,0
4618,0
4619,0.031
4620,0
4621,0.016
4622,0.047
4623,0.031
4624,0
4625,0
4626,0
4627,0.078
4628,0.156
4629,0.125
4630,0.11
4631,0.109
4632,0.156
4633,0.125
4634,0.078
4635,0.11
4636,0.172
4637,0.14
4638,0.094
4639,0.109
4640,0.125
4641,0.157
4642,0.14
4643,0.172
4644,0.125
4645,0.109
4646,0.125
4647,0.125
4648,0.11
4649,0.094
4650,0.25
4651,0.14
4652,0.203
4653,0.25
4654,0.188
4655,0.125
4656,0.078
4657,0.109
4658,0.157
4659,0.109
4660,0.141
4661,0.14
4662,0.172
4663,0.172
4664,0.078
4665,0.016
4666,0.031
4667,0.047
4668,0.047
4669,0.031
4670,0.047
4671,0.031
4672,0.031
4673,0.078
4674,0.016
4675,0.016
4676,0
4677,0.078
4678,0.047
4679,0.078
4680,0.078
4681,0.062
4682,0.016
4683,0.047
4684,0.031
4685,0.11
4686,0.015
4687,0
4688,0.016
4689,0.062
4690,0.016
4691,0.047
4692,0.031
4693,0.016
4694,0
4695,0.015
4696,0.032
4697,0.109
4698,0.062
4699,0.016
4700,0
4701,0.047
4702,0.016
4703,0.031
4704,0.031
4705,0.016
4706,0.015
4707,0.032
4708,0
4709,0.046
4710,0.016
4711,0.031
4712,0
4713,0.063
4714,0.031
4715,0.031
4716,0.078
4717,0
4718,0.032
4719,0
4720,0.031
4721,0.016
4722,0.031
4723,0.015
4724,0.016
4725,0.031
4726,0.063
4727,0.094
4728,0.046
4729,0
4730,0
4731,0.016
4732,0.047
4733,0.031
4734,0.031
4735,0.063
4736,0.047
4737,0.094
4738,0.078
4739,0.078
4740,0.015
4741,0.047
4742,0.11
4743,0.031
4744,0.047
4745,0.047
4746,0.063
4747,0.031
4748,0.047
4749,0.047
4750,0.046
4751,0.063
4752,0.047
4753,0.125
4754,0.156
4755,0.188
4756,0.234
4757,0.078
4758,0.172
4759,0.062
